id,conditionId,slug,url,embedSrc,question,category,eventId,why,volume,volume24h,momentumDelta24h,momentumPct24h,endDateISO,timeToResolveDays,outcomeCount,avgSpread,underround,binaryMidYes,near50Flag,bestQuotesJSON,bucket,rank
601818,0x81a537b379a35e4e17c286d3b37394e94bd74c1779bbe9a13670eb991b201a3a,will-tarcisio-de-frietas-win-the-2026-brazilian-presidential-election,https://polymarket.com/event/will-tarcisio-de-frietas-win-the-2026-brazilian-presidential-election,https://embed.polymarket.com/market.html?market=will-tarcisio-de-frietas-win-the-2026-brazilian-presidential-election&features=volume&theme=light,Will Tarcisio de Freitas win the 2026 Brazilian presidential election?,politics,,TTR 45.7d,13926797.323296007,,0.0,0.0,2026-10-04T00:00:00+00:00,45.713,1,,-0.999,,0,"[{""name"": ""Top"", ""bestBid"": null, ""bestAsk"": 0.001}]",HOT,1
601824,0xa59bb6bb91e5c1e4d533864520fbd3bb75d6d0ebb813b4cd8a8b88479bfa8966,will-carlos-roberto-massa-jnior-win-the-2026-brazilian-presidential-election,https://polymarket.com/event/will-carlos-roberto-massa-jnior-win-the-2026-brazilian-presidential-election,https://embed.polymarket.com/market.html?market=will-carlos-roberto-massa-jnior-win-the-2026-brazilian-presidential-election&features=volume&theme=light,Will Carlos Roberto Massa Júnior win the 2026 Brazilian presidential election?,politics,,TTR 45.7d,10427470.296619004,,0.0,0.0,2026-10-04T00:00:00+00:00,45.713,1,,-0.999,,0,"[{""name"": ""Top"", ""bestBid"": null, ""bestAsk"": 0.001}]",HOT,2
601831,0x70f1a7d2cd490b640676d5e31470bcbe16fef40087de1af8b6f6e44e299b5784,will-eduardo-leite-win-the-2026-brazilian-presidential-election,https://polymarket.com/event/will-eduardo-leite-win-the-2026-brazilian-presidential-election,https://embed.polymarket.com/market.html?market=will-eduardo-leite-win-the-2026-brazilian-presidential-election&features=volume&theme=light,Will Eduardo Leite win the 2026 Brazilian presidential election?,politics,,TTR 45.7d,7964749.169927001,,0.0,0.0,2026-10-04T00:00:00+00:00,45.713,1,,-0.999,,0,"[{""name"": ""Top"", ""bestBid"": null, ""bestAsk"": 0.001}]",HOT,3
2252244,0xa3b36b2d6104d34af4e6c6215fc818e43352e78a748fbfb0b85e3a35f71dec9a,will-there-be-no-change-in-fed-interest-rates-after-the-september-2026-meeting-615,https://polymarket.com/event/will-there-be-no-change-in-fed-interest-rates-after-the-september-2026-meeting-615,https://embed.polymarket.com/market.html?market=will-there-be-no-change-in-fed-interest-rates-after-the-september-2026-meeting-615&features=volume&theme=light,Will there be no change in Fed interest rates after the September 2026 meeting?,fomc,,"24h $171,382 • spread 0.010 • TTR 27.7d",8405657.225370016,171382.51,0.0,0.0,2026-09-16T00:00:00+00:00,27.713,1,0.01,-0.28,0.715,0,"[{""name"": ""Top"", ""bestBid"": 0.71, ""bestAsk"": 0.72}]",HOT,4
898420,0xa2b7d292821eafb97059947b9d834512deda11b7866e0f7b299bcb035071d626,will-oliver-bearman-be-the-2026-f1-drivers-champion,https://polymarket.com/event/will-oliver-bearman-be-the-2026-f1-drivers-champion,https://embed.polymarket.com/market.html?market=will-oliver-bearman-be-the-2026-f1-drivers-champion&features=volume&theme=light,Will Oliver Bearman be the 2026 F1 Drivers' Champion?,sports,,TTR 108.7d,12887053.046556002,,0.0,0.0,2026-12-06T00:00:00+00:00,108.713,1,,-0.999,,0,"[{""name"": ""Top"", ""bestBid"": null, ""bestAsk"": 0.001}]",HOT,5
898424,0xde3d62becec90cd596e01294346786f5a9406a026e105c054d0f7e62cffdcf8f,will-franco-colapinto-be-the-2026-f1-drivers-champion,https://polymarket.com/event/will-franco-colapinto-be-the-2026-f1-drivers-champion,https://embed.polymarket.com/market.html?market=will-franco-colapinto-be-the-2026-f1-drivers-champion&features=volume&theme=light,Will Franco Colapinto be the 2026 F1 Drivers' Champion?,sports,,TTR 108.7d,12214866.031519994,,0.0,0.0,2026-12-06T00:00:00+00:00,108.713,1,,-0.999,,0,"[{""name"": ""Top"", ""bestBid"": null, ""bestAsk"": 0.001}]",HOT,6
898429,0x00f89ad58499dfda366bf9182878c81d9ec6a73cdf4bf9a85b9d24474debf684,will-valtteri-bottas-be-the-2026-f1-drivers-champion,https://polymarket.com/event/will-valtteri-bottas-be-the-2026-f1-drivers-champion,https://embed.polymarket.com/market.html?market=will-valtteri-bottas-be-the-2026-f1-drivers-champion&features=volume&theme=light,Will Valtteri Bottas be the 2026 F1 Drivers' Champion?,sports,,TTR 108.7d,12192590.923810992,,0.0,0.0,2026-12-06T00:00:00+00:00,108.713,1,,-0.999,,0,"[{""name"": ""Top"", ""bestBid"": null, ""bestAsk"": 0.001}]",HOT,7
2252245,0x876506d8b2bd7a0d3fa4fe18c024eee6e1dd81ee24c26795dadd6cfe4a7b5d0d,will-the-fed-increase-interest-rates-by-25-bps-after-the-september-2026-meeting-649,https://polymarket.com/event/will-the-fed-increase-interest-rates-by-25-bps-after-the-september-2026-meeting-649,https://embed.polymarket.com/market.html?market=will-the-fed-increase-interest-rates-by-25-bps-after-the-september-2026-meeting-649&features=volume&theme=light,Will the Fed increase interest rates by 25 bps after the September 2026 meeting?,fomc,,"24h $140,730 • spread 0.010 • TTR 27.7d",7930388.665788001,140730.36,0.0,0.0,2026-09-16T00:00:00+00:00,27.713,1,0.01,-0.71,0.285,0,"[{""name"": ""Top"", ""bestBid"": 0.28, ""bestAsk"": 0.29}]",HOT,8
608547,0x12dc2b61723b2a54fc1947a307389b5f32038e7a29a0e936ad1fe410b969d06a,will-harry-kane-win-the-2026-ballon-dor,https://polymarket.com/event/will-harry-kane-win-the-2026-ballon-dor,https://embed.polymarket.com/market.html?market=will-harry-kane-win-the-2026-ballon-dor&features=volume&theme=light,Will Harry Kane win the 2026 Ballon d'Or?,soccer,,"24h $39,162 • spread 0.003 • TTR 72.7d",3570248.6830509976,39162.81,-0.007,-1.1263,2026-10-31T00:00:00+00:00,72.713,1,0.003,-0.384,0.6145,0,"[{""name"": ""Top"", ""bestBid"": 0.613, ""bestAsk"": 0.616}]",HOT,9
1105753,0x1198bf982483cc6f0a3d3de63d7703117ed19c5b5a9474541a2a3b6b0b5e51f3,will-dan-caine-be-the-leader-of-venezuela-end-of-2026,https://polymarket.com/event/will-dan-caine-be-the-leader-of-venezuela-end-of-2026,https://embed.polymarket.com/market.html?market=will-dan-caine-be-the-leader-of-venezuela-end-of-2026&features=volume&theme=light,Will Dan Caine be the leader of Venezuela end of 2026?,trump-machado,,TTR 133.7d,4113078.7750409995,,0.0,0.0,2026-12-31T00:00:00+00:00,133.713,1,,-0.999,,0,"[{""name"": ""Top"", ""bestBid"": null, ""bestAsk"": 0.001}]",HOT,10
898663,0x336ee35845099e7d11fa2edbe417ef7791507130689f0f71a35ecc7480807404,will-williams-be-the-2026-f1-constructors-champion,https://polymarket.com/event/will-williams-be-the-2026-f1-constructors-champion,https://embed.polymarket.com/market.html?market=will-williams-be-the-2026-f1-constructors-champion&features=volume&theme=light,Will Williams be the 2026 F1 Constructors' Champion?,formula1,,TTR 108.7d,3808173.692617894,,0.0,0.0,2026-12-06T00:00:00+00:00,108.713,1,,-0.999,,0,"[{""name"": ""Top"", ""bestBid"": null, ""bestAsk"": 0.001}]",HOT,11
898669,0x0bd8a57fe56926b10c34052d3d8581db3354b257b150e43301f4bb94913c2d85,will-cadillac-be-the-2026-f1-constructors-champion,https://polymarket.com/event/will-cadillac-be-the-2026-f1-constructors-champion,https://embed.polymarket.com/market.html?market=will-cadillac-be-the-2026-f1-constructors-champion&features=volume&theme=light,Will Cadillac be the 2026 F1 Constructors' Champion?,formula1,,TTR 108.7d,3708657.867053,,0.0,0.0,2026-12-06T00:00:00+00:00,108.713,1,,-0.999,,0,"[{""name"": ""Top"", ""bestBid"": null, ""bestAsk"": 0.001}]",HOT,12
908713,0x80b3af88cb991980e8da1ce86b9794a0957f96ec98c29319dd7ba65e9744d82b,fed-rate-hike-in-2026,https://polymarket.com/event/fed-rate-hike-in-2026,https://embed.polymarket.com/market.html?market=fed-rate-hike-in-2026&features=volume&theme=light,Fed rate hike in 2026?,cpi-release,,"24h $41,047 • spread 0.010 • TTR 111.7d • ~50% mid",7644690.726213002,41047.1,0.03,6.3158,2026-12-09T00:00:00+00:00,111.713,1,0.01,-0.49,0.505,1,"[{""name"": ""Top"", ""bestBid"": 0.5, ""bestAsk"": 0.51}]",OVERLOOKED,1
1130012,0x502a94e5c525766d5ee7f16c6568131ba1b2cbadb69c703af05a6ef00336ed64,will-united-russia-er-gain-the-most-seats-in-the-next-russian-parliamentary-election,https://polymarket.com/event/will-united-russia-er-gain-the-most-seats-in-the-next-russian-parliamentary-election,https://embed.polymarket.com/market.html?market=will-united-russia-er-gain-the-most-seats-in-the-next-russian-parliamentary-election&features=volume&theme=light,Will United Russia (ER) gain the most seats in the next Russian parliamentary election?,politics,,"24h $275,951 • spread 0.010 • TTR 41.7d",7395948.080261,275951.61,-0.01,-1.3793,2026-09-30T00:00:00+00:00,41.713,1,0.01,-0.28,0.715,0,"[{""name"": ""Top"", ""bestBid"": 0.71, ""bestAsk"": 0.72}]",OVERLOOKED,2
601819,0xdf8e2dc5860027decbe6164555c3c1c9645c3bd33e16b9dc57ca87125047d4a8,will-luiz-incio-lula-da-silva-win-the-2026-brazilian-presidential-election,https://polymarket.com/event/will-luiz-incio-lula-da-silva-win-the-2026-brazilian-presidential-election,https://embed.polymarket.com/market.html?market=will-luiz-incio-lula-da-silva-win-the-2026-brazilian-presidential-election&features=volume&theme=light,Will Luiz Inácio Lula da Silva win the 2026 Brazilian presidential election?,politics,,"24h $30,183 • spread 0.010 • TTR 45.7d",8678289.850752002,30183.23,0.0,0.0,2026-10-04T00:00:00+00:00,45.713,1,0.01,-0.36,0.635,0,"[{""name"": ""Top"", ""bestBid"": 0.63, ""bestAsk"": 0.64}]",OVERLOOKED,3
2176270,0x5c79dfde05559b79a9cb9f7c4187e4d49632dd042572ae676952f812732591cc,strait-of-hormuz-traffic-returns-to-normal-by-december-31,https://polymarket.com/event/strait-of-hormuz-traffic-returns-to-normal-by-december-31,https://embed.polymarket.com/market.html?market=strait-of-hormuz-traffic-returns-to-normal-by-december-31&features=volume&theme=light,Strait of Hormuz traffic returns to normal by December 31?,politics,,"24h $58,309 • spread 0.010 • TTR 133.7d",8562889.505453998,58309.87,-0.01,-2.7397,2026-12-31T00:00:00+00:00,133.713,1,0.01,-0.64,0.355,0,"[{""name"": ""Top"", ""bestBid"": 0.35, ""bestAsk"": 0.36}]",OVERLOOKED,4
701502,0x024b68f77bfc019341ee3db8f57c103334e4b9430bba4746d8c94aafd8b36fee,will-bitcoin-dip-to-45000-by-december-31-2026-674-923-755-971-998-525-926-245-316-517-544-589-965-923-986-841-815-224-586-231-289-533-573,https://polymarket.com/event/will-bitcoin-dip-to-45000-by-december-31-2026-674-923-755-971-998-525-926-245-316-517-544-589-965-923-986-841-815-224-586-231-289-533-573,https://embed.polymarket.com/market.html?market=will-bitcoin-dip-to-45000-by-december-31-2026-674-923-755-971-998-525-926-245-316-517-544-589-965-923-986-841-815-224-586-231-289-533-573&features=volume&theme=light,"Will Bitcoin dip to $45,000 by December 31, 2026?",bitcoin,,"24h $265,029 • spread 0.010 • TTR 134.9d",4821970.088137001,265029.8,0.0,0.0,2027-01-01T05:00:00+00:00,134.922,1,0.01,-0.78,0.215,0,"[{""name"": ""Top"", ""bestBid"": 0.21, ""bestAsk"": 0.22}]",OVERLOOKED,5
1163699,0x9cb23d04b2ded06147482076688b69b487a8d982c63ebdda2ab3678cf27cf390,clarity-act-signed-into-law-in-2026,https://polymarket.com/event/clarity-act-signed-into-law-in-2026,https://embed.polymarket.com/market.html?market=clarity-act-signed-into-law-in-2026&features=volume&theme=light,Clarity Act (H.R.3633) signed into law in 2026?,crypto,,"24h $77,732 • spread 0.010 • TTR 134.9d",7204335.610552003,77732.02,0.0,0.0,2027-01-01T05:00:00+00:00,134.922,1,0.01,-0.8,0.195,0,"[{""name"": ""Top"", ""bestBid"": 0.19, ""bestAsk"": 0.2}]",OVERLOOKED,6
898426,0x7a6491e3c906af3657b9b5cf2b371b454f1ddb91b4f4ca3344caaabf424a8056,will-arvid-lindblad-be-the-2026-f1-drivers-champion,https://polymarket.com/event/will-arvid-lindblad-be-the-2026-f1-drivers-champion,https://embed.polymarket.com/market.html?market=will-arvid-lindblad-be-the-2026-f1-drivers-champion&features=volume&theme=light,Will Arvid Lindblad be the 2026 F1 Drivers' Champion?,sports,,TTR 108.7d,12039178.615627002,,0.0,0.0,2026-12-06T00:00:00+00:00,108.713,1,,-0.999,,0,"[{""name"": ""Top"", ""bestBid"": null, ""bestAsk"": 0.001}]",OVERLOOKED,7
898427,0x596b82d8371efcfcc2fd5312d5dde04f5e9aa1f0c61fd3f93be2a8be09e0da5f,will-alexander-albon-be-the-2026-f1-drivers-champion,https://polymarket.com/event/will-alexander-albon-be-the-2026-f1-drivers-champion,https://embed.polymarket.com/market.html?market=will-alexander-albon-be-the-2026-f1-drivers-champion&features=volume&theme=light,Will Alexander Albon be the 2026 F1 Drivers' Champion?,sports,,TTR 108.7d,11865138.760013,,0.0,0.0,2026-12-06T00:00:00+00:00,108.713,1,,-0.999,,0,"[{""name"": ""Top"", ""bestBid"": null, ""bestAsk"": 0.001}]",OVERLOOKED,8
898430,0x9ca9ea6bcad843f3e94c213ad978b4f21d712d90f9a28372d9248ec99bb7193a,will-sergio-prez-be-the-2026-f1-drivers-champion,https://polymarket.com/event/will-sergio-prez-be-the-2026-f1-drivers-champion,https://embed.polymarket.com/market.html?market=will-sergio-prez-be-the-2026-f1-drivers-champion&features=volume&theme=light,Will Sergio Pérez be the 2026 F1 Drivers' Champion?,sports,,TTR 108.7d,11786863.846911,,0.0,0.0,2026-12-06T00:00:00+00:00,108.713,1,,-0.999,,0,"[{""name"": ""Top"", ""bestBid"": null, ""bestAsk"": 0.001}]",OVERLOOKED,9
898668,0xa6c8d7d0d25f27f1b6ecadd74be78256bf7c248d9d7c6fb9bc42d2059cfdca4f,will-alpine-be-the-2026-f1-constructors-champion,https://polymarket.com/event/will-alpine-be-the-2026-f1-constructors-champion,https://embed.polymarket.com/market.html?market=will-alpine-be-the-2026-f1-constructors-champion&features=volume&theme=light,Will Alpine be the 2026 F1 Constructors' Champion?,formula1,,TTR 108.7d,3349937.6830130015,,0.0,0.0,2026-12-06T00:00:00+00:00,108.713,1,,-0.999,,0,"[{""name"": ""Top"", ""bestBid"": null, ""bestAsk"": 0.001}]",OVERLOOKED,10
898666,0x115401967f653200b41852811453cb5aac5052f339af0a63920fb84e6485f316,will-haas-be-the-2026-f1-constructors-champion,https://polymarket.com/event/will-haas-be-the-2026-f1-constructors-champion,https://embed.polymarket.com/market.html?market=will-haas-be-the-2026-f1-constructors-champion&features=volume&theme=light,Will Haas be the 2026 F1 Constructors' Champion?,formula1,,TTR 108.7d,3317067.244211001,,0.0,0.0,2026-12-06T00:00:00+00:00,108.713,1,,-0.999,,0,"[{""name"": ""Top"", ""bestBid"": null, ""bestAsk"": 0.001}]",OVERLOOKED,11
898667,0x523f29f4370b912f8434eba7726b7dd2e463f252cd14c2b97a2c7f256f0921a6,will-audi-be-the-2026-f1-constructors-champion,https://polymarket.com/event/will-audi-be-the-2026-f1-constructors-champion,https://embed.polymarket.com/market.html?market=will-audi-be-the-2026-f1-constructors-champion&features=volume&theme=light,Will Audi be the 2026 F1 Constructors' Champion?,formula1,,TTR 108.7d,3245193.016027,,0.0,0.0,2026-12-06T00:00:00+00:00,108.713,1,,-0.999,,0,"[{""name"": ""Top"", ""bestBid"": null, ""bestAsk"": 0.001}]",OVERLOOKED,12
